YEAR,DAY,G056323
1999,1,-99
1999,2,-99
1999,3,-99
1999,4,-99
1999,5,-99
1999,6,-99
1999,7,-99
1999,8,-99
1999,9,-99
1999,10,-99
1999,11,-99
1999,12,-99
1999,13,-99
1999,14,-99
1999,15,-99
1999,16,-99
1999,17,-99
1999,18,-99
1999,19,-99
1999,20,-99
1999,21,-99
1999,22,-99
1999,23,-99
1999,24,-99
1999,25,-99
1999,26,-99
1999,27,-99
1999,28,-99
1999,29,0
1999,30,0
1999,31,0
1999,32,-99
1999,33,-99
1999,34,-99
1999,35,-99
1999,36,-99
1999,37,-99
1999,38,0
1999,39,0
1999,40,0
1999,41,-99
1999,42,0
1999,43,0
1999,44,0
1999,45,0
1999,46,-99
1999,47,0
1999,48,0
1999,49,0
1999,50,0
1999,51,0
1999,52,0
1999,53,0
1999,54,0
1999,55,0
1999,56,0
1999,57,0
1999,58,0
1999,59,-99
1999,60,0
1999,61,0
1999,62,0
1999,63,-99
1999,64,-99
1999,65,-99
1999,66,-99
1999,67,-99
1999,68,-99
1999,69,-99
1999,70,-99
1999,71,-99
1999,72,0
1999,73,-99
1999,74,-99
1999,75,-99
1999,76,-99
1999,77,0
1999,78,0
1999,79,0
1999,80,0
1999,81,0
1999,82,0
1999,83,0
1999,84,0
1999,85,0
1999,86,0
1999,87,0
1999,88,0
1999,89,-99
1999,90,-99
2000,32,-99
2000,33,0
2000,34,0
2000,35,-99
2000,36,-99
2000,37,0
2000,38,0
2000,39,0
2000,40,-99
2000,41,0
2000,42,0
2000,43,0
2000,44,-99
2000,45,-99
2000,46,0
2000,47,0
2000,48,0
2000,49,-99
2000,50,-99
2000,51,0
2000,52,-99
2000,53,-99
2000,54,-99
2000,55,0
2000,56,0
2000,57,-99
2000,58,0
2000,59,0
2000,60,0
2000,61,0
2000,62,7.112
2000,63,0
2000,64,0
2000,65,0
2000,66,0
2000,67,8.382
2000,68,1.778
2000,69,0
2000,70,0
2000,71,0
2000,72,0
2000,73,0
2000,74,0
2000,75,17.78
2000,76,0
2000,77,-99
2000,78,-99
2000,79,-99
2000,80,-99
2000,81,-99
2000,82,-99
2000,83,-99
2000,84,-99
2000,85,-99
2000,86,-99
2000,87,-99
2000,88,-99
2000,89,-99
2000,90,-99
2000,91,-99
2000,92,0
2000,93,0
2000,94,0
2000,95,0
2000,96,0
2000,97,0
2000,98,0
2000,99,0
2000,100,0
2000,101,0
2000,102,0
2000,103,0
2000,104,0
2000,105,0
2000,106,2.794
2000,107,0
2000,108,0
2000,109,0
2000,110,0
2000,111,0
2000,112,0
2000,113,0
2000,114,0.508
2000,115,0
2000,116,0
2000,117,0
2000,118,0
2000,119,0
2000,120,16.51
2000,121,8.382
2000,122,0
2000,123,0
2000,124,0
2000,125,0
2000,126,0
2000,127,0
2000,128,0
2000,129,12.192
2000,130,0
2000,131,0
2000,132,0
2000,133,0
2000,134,0
2000,135,0
2000,136,0
2000,137,0
2000,138,39.37
2000,139,7.62
2000,140,0
2000,141,0
2000,142,0
2000,143,0
2000,144,0
2000,145,0
2000,146,5.588
2000,147,0
2000,148,0
2000,149,0
2000,150,0
2000,151,0
2000,152,0
2000,183,0
2000,184,0
2000,185,4.572
2000,186,0
2000,187,0
2000,188,0
2000,189,0
2000,190,0
2000,191,0
2000,192,0
2000,193,0
2000,194,6.604
2000,195,1.016
2000,196,0
2000,197,0
2000,198,0
2000,199,25.654
2000,200,0
2000,201,0
2000,202,0
2000,203,0
2000,204,0
2000,205,0
2000,206,0
2000,207,0
2000,208,0
2000,209,0
2000,210,0
2000,211,0.254
2000,212,0
2000,213,0
2000,214,0
2000,215,0
2000,216,0
2000,217,0
2000,218,1.016
2000,219,0
2000,220,0
2000,221,0
2000,222,0
2000,223,0
2000,224,0
2000,225,0.254
2000,226,0
2000,227,5.08
2000,228,0
2000,229,5.842
2000,230,3.302
2000,231,27.686
2000,232,0
2000,233,1.778
2000,234,9.144
2000,235,0
2000,236,0
2000,237,0
2000,238,0
2000,239,2.032
2000,240,0
2000,241,0
2000,242,21.59
2000,243,0.508
2000,244,3.556
2000,245,4.064
2000,246,0
2000,247,0
2000,248,0
2000,249,0.254
2000,250,0.508
2000,251,0
2000,252,0
2000,253,0
2000,254,0
2000,255,0
2000,256,0
2000,257,0
2000,258,0
2000,259,0
2000,260,0
2000,261,0
2000,262,0
2000,263,0
2000,264,9.398
2000,265,0.508
2000,266,2.286
2000,267,9.906
2000,268,0
2000,269,0.508
2000,270,0
2000,271,0
2000,272,0
2000,273,0
2000,274,0.254
2000,275,0
2000,276,0
2000,277,0
2000,278,0
2000,279,0
2000,280,0
2000,281,0
2000,282,0
2000,283,0
2000,284,0
2000,285,0
2000,286,0
2000,287,0
2000,288,0
2000,289,0
2000,290,0
2000,291,0
2000,292,0
2000,293,0
2000,294,0
2000,295,0
2000,296,7.62
2000,297,1.016
2000,298,0
2000,299,0
2000,300,0
2000,301,0
2000,302,0
2000,303,0
2000,304,0
2000,305,4.572
2000,306,1.27
2000,307,0
2000,308,0
2000,309,0
2000,310,11.43
2000,311,0
2000,312,0
2000,313,0
2000,314,0
2000,315,0
2000,316,7.112
2000,317,0
2000,318,0
2000,319,0
2000,320,0
2000,321,0
2000,322,0
2000,323,-99
2000,324,0
2000,325,0
2000,326,0
2000,327,0
2000,328,0
2000,329,0
2000,330,0
2000,331,0
2000,332,0
2000,333,0
2000,334,0
2000,335,0
2000,336,0
2000,337,0
2000,338,0
2000,339,0
2000,340,0
2000,341,-99
2000,342,0
2000,343,0
2000,344,0
2000,345,0
2000,346,3.048
2000,347,0
2000,348,0
2000,349,0
2000,350,0
2000,351,0
2000,352,0
2000,353,0
2000,354,0
2000,355,1.016
2000,356,0
2000,357,0
2000,358,0
2000,359,-99
2000,360,-99
2000,361,0
2000,362,0
2000,363,0
2000,364,0
2000,365,0
2000,366,-99
2001,1,-99
2001,2,0
2001,3,0
2001,4,0
2001,5,0
2001,6,0
2001,7,0
2001,8,0
2001,9,0
2001,10,0
2001,11,0
2001,12,0
2001,13,0
2001,14,0
2001,15,0
2001,16,10.16
2001,17,0
2001,18,0
2001,19,0
2001,20,0
2001,21,0
2001,22,0
2001,23,0
2001,24,0
2001,25,0
2001,26,0
2001,27,2.794
2001,28,-99
2001,29,16.51
2001,30,0
2001,31,0
2001,32,0
2001,33,0
2001,34,0
2001,35,0
2001,36,0
2001,37,0
2001,38,0
2001,39,4.064
2001,40,0
2001,41,0
2001,42,0
2001,43,0
2001,44,0
2001,45,3.81
2001,46,0
2001,47,0
2001,48,0
2001,49,0
2001,50,0
2001,51,0
2001,52,0
2001,53,0
2001,54,0
2001,55,0.508
2001,56,0
2001,57,0
2001,58,3.556
2001,59,0
2001,60,1.778
2001,61,0
2001,62,0
2001,63,0
2001,64,0
2001,65,0
2001,66,0
2001,67,0
2001,68,0
2001,69,11.43
2001,70,6.096
2001,71,0
2001,72,0
2001,73,0
2001,74,0
2001,75,0
2001,76,0
2001,77,0
2001,78,0
2001,79,0
2001,80,0
2001,81,0.508
2001,82,0
2001,83,0
2001,84,0.508
2001,85,3.302
2001,86,0
2001,87,0
2001,88,0
2001,89,0
2001,90,2.54
2001,91,0
2001,92,0
2001,93,0
2001,94,0
2001,95,0
2001,96,0
2001,97,0
2001,98,0
2001,99,0
2001,100,0
2001,101,30.734
2001,102,0
2001,103,0
2001,104,0
2001,105,0
2001,106,0
2001,107,0
2001,108,0
2001,109,0
2001,110,0
2001,111,0
2001,112,5.842
2001,113,1.778
2001,114,0
2001,115,0
2001,116,0
2001,117,0
2001,118,0
2001,119,0
2001,120,0
2001,121,0
2001,122,0.508
2001,123,8.128
2001,124,14.732
2001,125,49.276
2001,126,0
2001,127,0
2001,128,0
2001,129,0
2001,130,0
2001,131,0
2001,132,0
2001,133,0
2001,134,0.508
2001,135,0
2001,136,0
2001,137,1.524
2001,138,4.318
2001,139,-99
2001,140,-99
2001,141,11.938
2001,142,0
2001,143,0
2001,144,0
2001,145,0
2001,146,0
2001,147,0
2001,148,0
2001,149,1.27
2001,150,0
2001,151,0
2001,152,0
2001,153,0
2001,154,0
2001,155,7.62
2001,156,0.254
2001,157,0
2001,158,0
2001,159,0
2001,160,0
2001,161,0
2001,162,0
2001,163,0
2001,164,6.858
2001,165,13.716
2001,166,0.762
2001,167,0
2001,168,0
2001,169,0
2001,170,0
2001,171,1.27
2001,172,0.254
2001,173,0
2001,174,2.286
2001,175,0.508
2001,176,0
2001,177,1.016
2001,178,0
2001,179,0
2001,180,0
2001,181,0
2001,182,0
2001,183,0
2001,184,7.62
2001,185,0
2001,186,0
2001,187,0
2001,188,0
2001,189,0.254
2001,190,0.508
2001,191,1.778
2001,192,0
2001,193,3.302
2001,194,4.064
2001,195,0
2001,196,11.176
2001,197,0
2001,198,0
2001,199,0
2001,200,4.572
2001,201,0
2001,202,0
2001,203,0
2001,204,1.016
2001,205,3.556
2001,206,3.048
2001,207,0.508
2001,208,0
2001,209,0
2001,210,0
2001,211,0
2001,212,2.032
2001,213,3.302
2001,214,18.034
2001,215,0
2001,216,0
2001,217,0
2001,218,21.844
2001,219,0
2001,220,0
2001,221,1.524
2001,222,0
2001,223,4.826
2001,224,0
2001,225,0
2001,226,0.762
2001,227,0.508
2001,228,0.508
2001,229,0
2001,230,0
2001,231,0
2001,232,0.508
2001,233,0
2001,234,0.254
2001,235,0.508
2001,236,0
2001,237,4.572
2001,238,0
2001,239,0
2001,240,0
2001,241,0
2001,242,0.254
2001,243,3.556
2001,244,0
2001,245,0
2001,246,0
2001,247,0
2001,248,0.254
2001,249,1.778
2001,250,0.508
2001,251,20.828
2001,252,1.016
2001,253,0
2001,254,0
2001,255,0
2001,256,0
2001,257,0
2001,258,0
2001,259,0
2001,260,2.794
2001,261,0
2001,262,0
2001,263,0
2001,264,0
2001,265,0
2001,266,0
2001,267,0
2001,268,0
2001,269,0
2001,270,0
2001,271,0
2001,272,0
2001,273,0
2001,274,0
2001,275,0
2001,276,0
2001,277,0
2001,278,0
2001,279,0
2001,280,0
2001,281,0
2001,282,0
2001,283,0
2001,284,0
2001,285,0
2001,286,0
2001,287,0
2001,288,2.032
2001,289,0
2001,290,0
2001,291,0
2001,292,0
2001,293,0
2001,294,0
2001,295,0
2001,296,0
2001,297,0
2001,298,0
2001,299,0
2001,300,0
2001,301,0
2001,302,0
2001,303,0
2001,304,0
2001,305,0
2001,306,0
2001,307,0
2001,308,0
2001,309,0
2001,310,0
2001,311,0
2001,312,8.89
2001,313,0
2001,314,0
2001,315,0
2001,316,0
2001,317,0
2001,318,0
2001,319,0
2001,320,0
2001,321,0
2001,322,0
2001,323,0
2001,324,0
2001,325,0
2001,326,0
2001,327,13.462
2001,328,0.762
2001,329,0
2001,330,2.032
2001,331,0.508
2001,332,0
2001,333,0.508
2001,334,0
2001,335,0
2001,336,0
2001,337,0
2001,338,0
2001,339,0
2001,340,0
2001,341,0
2001,342,0
2001,343,0
2001,344,0
2001,345,0
2001,346,1.524
2001,347,0.762
2001,348,-99
2001,349,0
2001,350,6.604
2001,351,0
2001,352,0
2001,353,0
2001,354,0
2001,355,0
2001,356,3.81
2001,357,0.762
2001,358,0
2001,359,0
2001,360,0
2001,361,0
2001,362,0
2001,363,0
2001,364,-99
2001,365,0
2002,1,1.778
2002,2,1.016
2002,3,0
2002,4,-99
2002,5,1.016
2002,6,0
2002,7,0
2002,8,0
2002,9,0
2002,10,4.318
2002,11,0
2002,12,0
2002,13,0
2002,14,0
2002,15,0
2002,16,0
2002,17,0
2002,18,0
2002,19,0
2002,20,0
2002,21,0
2002,22,0
2002,23,6.35
2002,24,0
2002,25,0
2002,26,0
2002,27,0
2002,28,0
2002,29,0
2002,30,0
2002,31,0
2002,32,0
2002,33,0
2002,34,0
2002,35,0
2002,36,0
2002,37,0
2002,38,0
2002,39,0
2002,40,0
2002,41,0
2002,42,0
2002,43,0
2002,44,0
2002,45,1.27
2002,46,0
2002,47,0
2002,48,0
2002,49,0
2002,50,10.922
2002,51,0
2002,52,0
2002,53,0
2002,54,0
2002,55,0
2002,56,1.778
2002,57,0.762
2002,58,0
2002,59,0
2002,60,5.334
2002,61,0.508
2002,62,0
2002,63,0
2002,64,0
2002,65,0
2002,66,0
2002,67,1.27
2002,68,0
2002,69,0
2002,70,0
2002,71,0
2002,72,0
2002,73,4.572
2002,74,2.54
2002,75,0
2002,76,0
2002,77,0.762
2002,78,1.016
2002,79,0
2002,80,0
2002,81,0
2002,82,0
2002,83,0
2002,84,3.302
2002,85,0
2002,86,0
2002,87,0
2002,88,0
2002,89,0
2002,90,0
2002,91,0
2002,92,0
2002,93,0
2002,94,0
2002,95,0
2002,96,0
2002,97,0
2002,98,0
2002,99,0
2002,100,0
2002,101,0.508
2002,102,0
2002,103,0
2002,104,0
2002,105,0
2002,106,0
2002,107,0
2002,108,0
2002,109,0
2002,110,1.27
2002,111,0
2002,112,0
2002,113,0
2002,114,0
2002,115,0
2002,116,0
2002,117,0
2002,118,0
2002,119,0
2002,120,0
2002,121,0
2002,122,0.508
2002,123,0
2002,124,0.254
2002,125,0
2002,126,0
2002,127,0
2002,128,0
2002,129,0
2002,130,0
2002,131,0
2002,132,8.382
2002,133,0
2002,134,0
2002,135,2.032
2002,136,4.572
2002,137,6.35
2002,138,0
2002,139,0
2002,140,0
2002,141,0
2002,142,0
2002,143,0
2002,144,14.478
2002,145,0
2002,146,-99
2002,147,0
2002,148,0
2002,149,0
2002,150,0
2002,151,0
2002,152,0
2002,153,0
2002,154,4.318
2002,155,20.32
2002,156,0
2002,157,0
2002,158,0
2002,159,0
2002,160,0
2002,161,0
2002,162,0
2002,163,0
2002,164,0
2002,165,0
2002,166,-99
2002,167,0
2002,168,0
2002,169,0
2002,170,0
2002,171,17.78
2002,172,2.54
2002,173,0
2002,174,0
2002,175,0
2002,176,1.778
2002,177,0
2002,178,0
2002,179,0.508
2002,180,2.794
2002,181,0
2002,182,0
2002,183,0
2002,184,0
2002,185,0
2002,186,0
2002,187,5.334
2002,188,0
2002,189,0
2002,190,0
2002,191,6.35
2002,192,0.508
2002,193,0
2002,194,0
2002,195,0
2002,196,0
2002,197,0
2002,198,0
2002,199,0
2002,200,0
2002,201,0
2002,202,0
2002,203,1.27
2002,204,0
2002,205,0
2002,206,0
2002,207,-99
2002,208,-99
2002,209,0
2002,210,0
2002,211,0.762
2002,212,0
2002,213,0
2002,214,0
2002,215,0.508
2002,216,0.254
2002,217,0
2002,218,0
2002,219,1.016
2002,220,0
2002,221,1.27
2002,222,0
2002,223,0
2002,224,0
2002,225,0
2002,226,0
2002,227,0
2002,228,0
2002,229,0
2002,230,0
2002,231,0
2002,232,0
2002,233,0
2002,234,1.016
2002,235,1.016
2002,236,-99
2002,237,0
2002,238,0
2002,239,1.27
2002,240,7.62
2002,241,5.08
2002,242,0
2002,243,0
2002,244,0
2002,245,0
2002,246,0
2002,247,0.508
2002,248,0
2002,249,0
2002,250,0
2002,251,0
2002,252,0
2002,253,7.874
2002,254,0
2002,255,5.08
2002,256,10.16
2002,257,0
2002,258,0
2002,259,0
2002,260,0
2002,261,11.43
2002,262,11.43
2002,263,0
2002,264,-99
2002,265,0
2002,266,0
2002,267,0
2002,268,0
2002,269,3.302
2002,270,0
2002,271,-99
2002,272,0
2002,273,0
2002,274,0
2002,275,7.62
2002,276,0
2002,277,0
2002,278,0
2002,279,0
2002,280,0
2002,281,0
2002,282,0
2002,283,0
2002,284,0
2002,285,0
2002,286,0
2002,287,0
2002,288,0
2002,289,0
2002,290,0
2002,291,0
2002,292,0
2002,293,0
2002,294,0
2002,295,0
2002,296,0.762
2002,297,0.762
2002,298,0.254
2002,299,0
2002,300,4.064
2002,301,0.254
2002,302,7.874
2002,303,0.762
2002,304,-99
2002,305,0
2002,306,0
2002,307,1.016
2002,308,0
2002,309,0
2002,310,0
2002,311,0
2002,312,0
2002,313,0
2002,314,0
2002,315,0
2002,316,0
2002,317,0
2002,318,0
2002,319,1.778
2002,320,0
2002,321,0
2002,322,0
2002,323,0
2002,324,0
2002,325,0
2002,326,0
2002,327,0
2002,328,0.508
2002,329,1.524
2002,330,0
2002,331,0
2002,332,0
2002,333,0
2002,334,0
2002,335,0
2002,336,0
2002,337,0
2002,338,0
2002,339,0
2002,340,0
2002,341,0
2002,342,0
2002,343,0
2002,344,0
2002,345,0
2002,346,0
2002,347,0
2002,348,0
2002,349,0
2002,350,0
2002,351,0
2002,352,0
2002,353,0
2002,354,0
2002,355,0
2002,356,0
2002,357,0
2002,358,0
2002,359,0
2002,360,0
2002,361,0
2002,362,0
2002,363,0
2002,364,0
2002,365,0
2003,1,5.588
2003,2,0
2003,3,0
2003,4,0
2003,5,0
2003,6,0.508
2003,7,0
2003,8,0
2003,9,0
2003,10,0
2003,11,0
2003,12,0
2003,13,0
2003,14,0
2003,15,0.508
2003,16,0
2003,17,0
2003,18,0
2003,19,0
2003,20,0
2003,21,0
2003,22,0
2003,23,0
2003,24,0
2003,25,0
2003,26,0
2003,27,0
2003,28,0
2003,29,0
2003,30,0
2003,31,0
2003,32,0
2003,33,0
2003,34,9.652
2003,35,0
2003,36,0
2003,37,2.794
2003,38,0
2003,39,0
2003,40,0
2003,41,0
2003,42,0
2003,43,0
2003,44,0
2003,45,0
2003,46,0.508
2003,47,0
2003,48,0
2003,49,0
2003,50,0
2003,51,0
2003,52,0
2003,53,0
2003,54,0.508
2003,55,0
2003,56,0
2003,57,1.524
2003,58,0
2003,59,1.778
2003,60,0
2003,61,1.016
2003,62,0
2003,63,0.762
2003,64,0.762
2003,65,0
2003,66,0
2003,67,0
2003,68,0
2003,69,0
2003,70,0
2003,71,0
2003,72,0
2003,73,0
2003,74,0
2003,75,0
2003,76,5.588
2003,77,57.658
2003,78,39.116
2003,79,4.064
2003,80,2.54
2003,81,0
2003,82,0
2003,83,2.54
2003,84,0.508
2003,85,0
2003,86,2.794
2003,87,0
2003,88,0
2003,89,0
2003,90,0
2003,91,0
2003,92,0
2003,93,0
2003,94,0
2003,95,0
2003,96,4.064
2003,97,-99
2003,98,0
2003,99,0
2003,100,0
2003,101,0
2003,102,0
2003,103,0
2003,104,0
2003,105,0
2003,106,10.414
2003,107,0
2003,108,0.762
2003,109,7.366
2003,110,0
2003,111,0
2003,112,0.508
2003,113,29.21
2003,114,35.56
2003,115,0
2003,116,0
2003,117,0
2003,118,0
2003,119,1.524
2003,120,3.048
2003,121,0.762
2003,122,0
2003,123,0
2003,124,0
2003,125,0
2003,126,0
2003,127,0
2003,128,0
2003,129,0
2003,130,16.002
2003,131,0.254
2003,132,0
2003,133,0
2003,134,0
2003,135,1.778
2003,136,2.032
2003,137,0
2003,138,0
2003,139,0
2003,140,0
2003,141,0
2003,142,0
2003,143,0
2003,144,0
2003,145,20.32
2003,146,0
2003,147,0
2003,148,0
2003,149,0
2003,150,0.508
2003,151,0
2003,152,4.318
2003,153,0
2003,154,0.254
2003,155,0
2003,156,16.002
2003,157,0
2003,158,9.906
2003,159,0
2003,160,1.27
2003,161,10.668
2003,162,0.254
2003,163,0
2003,164,0
2003,165,0
2003,166,0
2003,167,0
2003,168,5.334
2003,169,3.556
2003,170,0
2003,171,5.08
2003,172,0
2003,173,0
2003,174,0
2003,175,0
2003,176,0
2003,177,0.254
2003,178,0
2003,179,0
2003,180,14.732
2003,181,1.524
2003,182,0
2003,183,0
2003,184,0
2003,185,0
2003,186,0
2003,187,0
2003,188,0
2003,189,0
2003,190,0
2003,191,0
2003,192,0
2003,193,0
2003,194,0
2003,195,0
2003,196,0
2003,197,0
2003,198,0
2003,199,0
2003,200,21.59
2003,201,4.318
2003,202,0
2003,203,0
2003,204,0
2003,205,0
2003,206,0
2003,207,0
2003,208,23.622
2003,209,0
2003,210,12.7
2003,211,0
2003,212,0
2003,213,0
2003,214,0
2003,215,0
2003,216,0
2003,217,0
2003,218,0
2003,219,0
2003,220,0
2003,221,0.762
2003,222,0
2003,223,0
2003,224,0
2003,225,0
2003,226,0
2003,227,0
2003,228,0
2003,229,0
2003,230,5.08
2003,231,1.27
2003,232,0
2003,233,0
2003,234,0
2003,235,0
2003,236,0
2003,237,0
2003,238,0
2003,239,0
2003,240,1.27
2003,241,12.7
2003,242,9.144
2003,243,26.162
2003,244,0
2003,245,0
2003,246,8.89
2003,247,0
2003,248,0
2003,249,0
2003,250,2.794
2003,251,0
2003,252,0
2003,253,0
2003,254,0
2003,255,0
2003,256,0
2003,257,0
2003,258,0
2003,259,0
2003,260,0
2003,261,0.508
2003,262,0
2003,263,0
2003,264,0
2003,265,0
2003,266,0
2003,267,0
2003,268,0
2003,269,0
2003,270,0
2003,271,0
2003,272,0
2003,273,0
2003,274,0
2003,275,0
2003,276,0
2003,277,0
2003,278,0
2003,279,0
2003,280,0
2003,281,0
2003,282,0
2003,283,0
2003,284,0
2003,285,0
2003,286,0
2003,287,0
2003,288,0
2003,289,0
2003,290,0
2003,291,0
2003,292,0
2003,293,0
2003,294,0
2003,295,0
2003,296,0
2003,297,0
2003,298,0
2003,299,0
2003,300,0
2003,301,0
2003,302,0
2003,303,1.016
2003,304,3.048
2003,305,0
2003,306,0
2003,307,0
2003,308,0
2003,309,0
2003,310,0
2003,311,0
2003,312,0
2003,313,0
2003,314,0
2003,315,0
2003,316,0
2003,317,0
2003,318,0
2003,319,0
2003,320,0
2003,321,0
2003,322,0
2003,323,0
2003,324,0
2003,325,0
2003,326,4.826
2003,327,0
2003,328,0
2003,329,0
2003,330,0
2003,331,0
2003,332,0
2003,333,0
2003,334,0
2003,335,0
2003,336,0
2003,337,0
2003,338,0
2003,339,0
2003,340,0
2003,341,0
2003,342,4.572
2003,343,4.318
2003,344,0
2003,345,0
2003,346,0
2003,347,0
2003,348,0
2003,349,3.81
2003,350,0
2003,351,0
2003,352,0
2003,353,0
2003,354,0
2003,355,0
2003,356,0
2003,357,0
2003,358,0
2003,359,0
2003,360,0
2003,361,0
2003,362,0
2003,363,0
2003,364,0
2003,365,0
2004,1,0
2004,2,0
2004,3,2.032
2004,4,0.508
2004,5,0
2004,6,0
2004,7,0
2004,8,0
2004,9,0
2004,10,0
2004,11,0
2004,12,0
2004,13,0
2004,14,0
2004,15,0
2004,16,0
2004,17,0
2004,18,0
2004,19,0
2004,20,2.54
2004,21,0
2004,22,0
2004,23,0
2004,24,0
2004,25,2.794
2004,26,6.858
2004,27,0
2004,28,0
2004,29,0
2004,30,0
2004,31,1.016
2004,32,1.524
2004,33,0
2004,34,0
2004,35,6.604
2004,36,3.048
2004,37,1.016
2004,38,0
2004,39,0
2004,40,0
2004,41,0
2004,42,3.048
2004,43,0
2004,44,0
2004,45,0
2004,46,0
2004,47,0
2004,48,0
2004,49,0
2004,50,2.794
2004,51,6.35
2004,52,0
2004,53,-99
2004,54,0
2004,55,0
2004,56,0
2004,57,0
2004,58,0
2004,59,1.016
2004,60,7.874
2004,61,0
2004,62,1.27
2004,63,0
2004,64,0
2004,65,3.302
2004,66,0
2004,67,0
2004,68,0
2004,69,0
2004,70,0
2004,71,0
2004,72,0
2004,73,0
2004,74,0
2004,75,0
2004,76,0
2004,77,0
2004,78,0
2004,79,0
2004,80,0
2004,81,0
2004,82,0
2004,83,0
2004,84,0
2004,85,0
2004,86,0
2004,87,0
2004,88,2.286
2004,89,0
2004,90,0
2004,91,0
2004,92,0
2004,93,0
2004,94,17.018
2004,95,0
2004,96,0
2004,97,0
2004,98,1.524
2004,99,3.048
2004,100,6.604
2004,101,7.112
2004,102,2.54
2004,103,6.35
2004,104,0
2004,105,0
2004,106,0
2004,107,0
2004,108,0
2004,109,0
2004,110,0
2004,111,0
2004,112,1.524
2004,113,0.508
2004,114,25.908
2004,115,0
2004,116,1.27
2004,117,0
2004,118,0
2004,119,0
2004,120,0.254
2004,121,6.604
2004,122,4.318
2004,123,0
2004,124,0
2004,125,0
2004,126,0
2004,127,0
2004,128,0
2004,129,0
2004,130,0
2004,131,0
2004,132,0
2004,133,9.398
2004,134,10.414
2004,135,0
2004,136,0
2004,137,0
2004,138,0
2004,139,0
2004,140,0
2004,141,0
2004,142,0
2004,143,0
2004,144,0
2004,145,0
2004,146,0
2004,147,0
2004,148,0
2004,149,0
2004,150,1.524
2004,151,0
2004,152,0
2004,153,0
2004,154,0
2004,155,0
2004,156,0
2004,157,0
2004,158,0
2004,159,0
2004,160,0
2004,161,1.27
2004,162,0.254
2004,163,0
2004,164,0
2004,165,0
2004,166,0
2004,167,0
2004,168,1.27
2004,169,8.382
2004,170,14.478
2004,171,2.286
2004,172,0.762
2004,173,17.78
2004,174,0
2004,175,0
2004,176,0
2004,177,0
2004,178,0.254
2004,179,0
2004,180,0.508
2004,181,0
2004,182,4.826
2004,183,3.302
2004,184,0
2004,185,0
2004,186,0
2004,187,0
2004,188,0
2004,189,0
2004,190,0
2004,191,3.556
2004,192,0.508
2004,193,0
2004,194,0
2004,195,0
2004,196,0
2004,197,0
2004,198,1.778
2004,199,43.688
2004,200,0
2004,201,0
2004,202,0
2004,203,0
2004,204,1.778
2004,205,2.794
2004,206,5.334
2004,207,0.762
2004,208,0.508
2004,209,0
2004,210,0
2004,211,14.224
2004,212,0.508
2004,213,0
2004,214,0
2004,215,6.858
2004,216,0.508
2004,217,3.81
2004,218,16.002
2004,219,1.778
2004,220,3.048
2004,221,0
2004,222,0
2004,223,1.016
2004,224,3.048
2004,225,0
2004,226,0
2004,227,0
2004,228,0
2004,229,0
2004,230,0
2004,231,6.35
2004,232,56.642
2004,233,0.254
2004,234,0
2004,235,0
2004,236,0
2004,237,0
2004,238,0
2004,239,0
2004,240,9.906
2004,241,1.016
2004,242,0
2004,243,2.794
2004,244,0
2004,245,0
2004,246,0
2004,247,0
2004,248,11.176
2004,249,0.762
2004,250,0
2004,251,0
2004,252,0
2004,253,0
2004,254,0
2004,255,0
2004,256,0
2004,257,0
2004,258,0
2004,259,0
2004,260,0
2004,261,0
2004,262,0
2004,263,0
2004,264,0
2004,265,0.762
2004,266,7.112
2004,267,0
2004,268,0
2004,269,0
2004,270,0
2004,271,0
2004,272,0.762
2004,273,0
2004,274,5.588
2004,275,5.588
2004,276,0
2004,277,0
2004,278,2.286
2004,279,0.254
2004,280,16.764
2004,281,0
2004,282,0
2004,283,0
2004,284,0
2004,285,0
2004,286,0
2004,287,14.732
2004,288,0
2004,289,0.254
2004,290,0
2004,291,0
2004,292,0
2004,293,0
2004,294,0
2004,295,0
2004,296,0
2004,297,0
2004,298,0
2004,299,0
2004,300,0
2004,301,0
2004,302,0
2004,303,0
2004,304,0
2004,305,0
2004,306,9.906
2004,307,0
2004,308,0
2004,309,0
2004,310,0
2004,311,0
2004,312,0
2004,313,0
2004,314,-99
2004,315,3.81
2004,316,5.08
2004,317,0
2004,318,0
2004,319,0
2004,320,-99
2004,321,0
2004,322,0
2004,323,0.762
2004,324,0
2004,325,4.318
2004,326,0
2004,327,0
2004,328,0
2004,329,1.524
2004,330,0
2004,331,0
2004,332,0
2004,333,2.54
2004,334,5.08
2004,335,0
2004,336,0
2004,337,0
2004,338,0
2004,339,0
2004,340,0
2004,341,0
2004,342,0
2004,343,0
2004,344,0
2004,345,0
2004,346,0
2004,347,0
2004,348,0
2004,349,0
2004,350,0
2004,351,2.032
2004,352,1.27
2004,353,0
2004,354,0
2004,355,0
2004,356,0
2004,357,2.54
2004,358,2.286
2004,359,0
2004,360,0
2004,361,0
2004,362,0
2004,363,0
2004,364,0
2004,365,0
2004,366,0
2005,1,0
2005,2,0
2005,3,0
2005,4,0.508
2005,5,4.572
2005,6,0
2005,7,0
2005,8,0
2005,9,0
2005,10,0
2005,11,0
2005,12,10.668
2005,13,0
2005,14,0
2005,15,0
2005,16,0
2005,17,0
2005,18,0
2005,19,0
2005,20,0
2005,21,0
2005,22,0
2005,23,0
2005,24,0
2005,25,0
2005,26,0
2005,27,0
2005,28,0
2005,29,0
2005,30,0.508
2005,31,12.7
2005,32,0
2005,33,0
2005,34,0
2005,35,0
2005,36,0
2005,37,0
2005,38,0
2005,39,0.254
2005,40,0
2005,41,0
2005,42,0
2005,43,0
2005,44,0
2005,45,0
2005,46,0.508
2005,47,0
2005,48,0
2005,49,0
2005,50,0
2005,51,0
2005,52,0
2005,53,0
2005,54,0
2005,55,0
2005,56,0
2005,57,0
2005,58,0
2005,59,0
2005,60,0
2005,61,0
2005,62,0
2005,63,0
2005,64,0
2005,65,0
2005,66,0
2005,67,1.27
2005,68,0
2005,69,0
2005,70,0
2005,71,-99
2005,72,10.414
2005,73,0
2005,74,0
2005,75,0
2005,76,0
2005,77,0
2005,78,0
2005,79,0
2005,80,5.588
2005,81,0
2005,82,0
2005,83,0
2005,84,1.27
2005,85,0.508
2005,86,0
2005,87,0
2005,88,0
2005,89,0
2005,90,13.208
2005,91,0
2005,92,0
2005,93,0
2005,94,0
2005,95,16.256
2005,96,0
2005,97,0
2005,98,0
2005,99,0
2005,100,26.67
2005,101,17.78
2005,102,0
2005,103,0
2005,104,0
2005,105,0
2005,106,0
2005,107,0
2005,108,0
2005,109,0
2005,110,0.508
2005,111,3.048
2005,112,0
2005,113,0
2005,114,3.81
2005,115,13.97
2005,116,0
2005,117,0
2005,118,5.334
2005,119,4.064
2005,120,2.794
2005,121,0.508
2005,122,0.508
2005,123,0
2005,124,0
2005,125,0
2005,126,0
2005,127,0
2005,128,0
2005,129,0
2005,130,0
2005,131,2.794
2005,132,0.508
2005,133,0
2005,134,-99
2005,135,0.254
2005,136,0
2005,137,0
2005,138,0
2005,139,0
2005,140,0
2005,141,0
2005,142,0
2005,143,0
2005,144,0
2005,145,0
2005,146,0
2005,147,0
2005,148,0
2005,149,0.508
2005,150,3.81
2005,151,7.112
2005,152,0
2005,153,2.54
2005,154,0
2005,155,14.478
2005,156,0
2005,157,0
2005,158,0
2005,159,0
2005,160,0
2005,161,11.938
2005,162,0
2005,163,17.018
2005,164,0
2005,165,0
2005,166,0
2005,167,0.254
2005,168,0
2005,169,0
2005,170,0
2005,171,0
2005,172,0.508
2005,173,0
2005,174,0.508
2005,175,9.652
2005,176,0.762
2005,177,0
2005,178,0
2005,179,0
2005,180,0
2005,181,0
2005,182,0
2005,183,0
2005,184,0.254
2005,185,0
2005,186,0
2005,187,0
2005,188,0
2005,189,0
2005,190,0
2005,191,0
2005,192,0
2005,193,0
2005,194,0
2005,195,0
2005,196,0
2005,197,0
2005,198,0
2005,199,0
2005,200,0
2005,201,0
2005,202,0
2005,203,0
2005,204,0
2005,205,0
2005,206,0
2005,207,3.556
2005,208,0
2005,209,0
2005,210,0
2005,211,0
2005,212,0.508
2005,213,0
2005,214,0
2005,215,3.302
2005,216,46.228
2005,217,0
2005,218,0
2005,219,0
2005,220,0
2005,221,0
2005,222,2.286
2005,223,0
2005,224,5.08
2005,225,2.032
2005,226,0
2005,227,0
2005,228,1.27
2005,229,1.016
2005,230,0
2005,231,0
2005,232,0
2005,233,1.524
2005,234,0
2005,235,4.572
2005,236,0
2005,237,1.778
2005,238,0
2005,239,0
2005,240,0
2005,241,0
2005,242,0
2005,243,0
2005,244,0
2005,245,0
2005,246,0
2005,247,0
2005,248,0
2005,249,0
2005,250,0.254
2005,251,0
2005,252,0
2005,253,0
2005,254,0
2005,255,0
2005,256,0
2005,257,3.81
2005,258,0
2005,259,0
2005,260,0
2005,261,0
2005,262,0
2005,263,0
2005,264,0
2005,265,0.254
2005,266,0
2005,267,0
2005,268,0
2005,269,0
2005,270,0
2005,271,3.81
2005,272,0
2005,273,0
2005,274,0
2005,275,0
2005,276,0
2005,277,0
2005,278,1.524
2005,279,0
2005,280,0
2005,281,0
2005,282,4.064
2005,283,56.388
2005,284,4.064
2005,285,0
2005,286,0
2005,287,0
2005,288,0
2005,289,0
2005,290,0
2005,291,0
2005,292,2.794
2005,293,0
2005,294,0
2005,295,0
2005,296,0
2005,297,0
2005,298,0
2005,299,0
2005,300,0
2005,301,0
2005,302,0
2005,303,0.254
2005,304,0.762
2005,305,0
2005,306,0
2005,307,0
2005,308,0
2005,309,0.762
2005,310,0
2005,311,0
2005,312,0
2005,313,0
2005,314,0
2005,315,0
2005,316,0
2005,317,0
2005,318,1.016
2005,319,4.064
2005,320,0
2005,321,1.524
2005,322,0
2005,323,0.254
2005,324,0
2005,325,0
2005,326,0
2005,327,0
2005,328,0
2005,329,0
2005,330,0
2005,331,0
2005,332,0
2005,333,0
2005,334,0
2005,335,0
2005,336,0
2005,337,7.62
2005,338,0
2005,339,0
2005,340,0
2005,341,2.54
2005,342,0
2005,343,0
2005,344,0
2005,345,0
2005,346,0
2005,347,0
2005,348,0
2005,349,0
2005,350,0
2005,351,0.254
2005,352,0.254
2005,353,0
2005,354,0
2005,355,0
2005,356,0
2005,357,0
2005,358,0
2005,359,0
2005,360,0
2005,361,0
2005,362,0
2005,363,0
2005,364,0
2005,365,0
2006,1,0
2006,2,0
2006,3,0
2006,4,0
2006,5,0
2006,6,0
2006,7,0
2006,8,0
2006,9,0
2006,10,0
2006,11,0
2006,12,0
2006,13,0
2006,14,0
2006,15,0
2006,16,0.508
2006,17,0
2006,18,0
2006,19,1.27
2006,20,2.54
2006,21,0
2006,22,0
2006,23,0
2006,24,0
2006,25,0
2006,26,0
2006,27,0
2006,28,0
2006,29,0
2006,30,0
2006,31,0
2006,32,0
2006,33,0
2006,34,0
2006,35,0
2006,36,0
2006,37,0
2006,38,0
2006,39,0
2006,40,0
2006,41,3.048
2006,42,0
2006,43,0
2006,44,0
2006,45,0
2006,46,0
2006,47,2.794
2006,48,0.254
2006,49,0
2006,50,0
2006,51,0
2006,52,0
2006,53,0
2006,54,0
2006,55,0
2006,56,0
2006,57,0
2006,58,0
2006,59,0
2006,60,0
2006,61,0
2006,62,0
2006,63,0
2006,64,0
2006,65,0
2006,66,0
2006,67,3.048
2006,68,1.27
2006,69,0.254
2006,70,0
2006,71,0.508
2006,72,1.27
2006,73,0
2006,74,0
2006,75,0
2006,76,0
2006,77,0
2006,78,5.08
2006,79,10.668
2006,80,0
2006,81,0
2006,82,0
2006,83,0
2006,84,0
2006,85,0
2006,86,0
2006,87,0
2006,88,0
2006,89,0
2006,90,0
2006,91,0
2006,92,2.54
2006,93,0
2006,94,0
2006,95,0
2006,96,0
2006,97,10.668
2006,98,0
2006,99,0
2006,100,0
2006,101,0
2006,102,0
2006,103,0
2006,104,0
2006,105,2.032
2006,106,0
2006,107,0
2006,108,0
2006,109,0
2006,110,0
2006,111,0
2006,112,0
2006,113,0
2006,114,0.254
2006,115,3.048
2006,116,0
2006,117,0
2006,118,8.128
2006,119,0.254
2006,120,0
2006,121,0.762
2006,122,0
2006,123,1.27
2006,124,0.508
2006,125,0.254
2006,126,0.254
2006,127,0.254
2006,128,0
2006,129,0
2006,130,3.302
2006,131,0
2006,132,0
2006,133,0
2006,134,0
2006,135,0
2006,136,0
2006,137,0
2006,138,0
2006,139,0
2006,140,0
2006,141,0
2006,142,0
2006,143,5.842
2006,144,0
2006,145,0
2006,146,2.286
2006,147,0
2006,148,0
2006,149,0
2006,150,3.302
2006,151,19.812
2006,152,0.254
2006,153,0
2006,154,0
2006,155,0
2006,156,0
2006,157,0
2006,158,0
2006,159,0.508
2006,160,0
2006,161,0
2006,162,0
2006,163,0
2006,164,0
2006,165,0
2006,166,-99
2006,167,-99
2006,168,-99
2006,169,0.254
2006,170,0
2006,171,0
2006,172,0
2006,173,7.62
2006,174,0
2006,175,0
2006,176,0.762
2006,177,0
2006,178,0
2006,179,0.508
2006,180,0
2006,181,0
2006,182,0
2006,183,5.588
2006,184,11.176
2006,185,25.4
2006,186,8.89
2006,187,0
2006,188,0.508
2006,189,17.272
2006,190,25.4
2006,191,3.302
2006,192,0.254
2006,193,0
2006,194,0
2006,195,0
2006,196,0
2006,197,0
2006,198,0
2006,199,1.27
2006,200,0
2006,201,0
2006,202,0.254
2006,203,0
2006,204,0
2006,205,0
2006,206,0
2006,207,20.32
2006,208,3.048
2006,209,0
2006,210,0
2006,211,0
2006,212,0
2006,213,0
2006,214,23.368
2006,215,0
2006,216,5.08
2006,217,0
2006,218,1.27
2006,219,5.08
2006,220,0.254
2006,221,0
2006,222,0
2006,223,7.874
2006,224,0.508
2006,225,1.27
2006,226,0
2006,227,0
2006,228,0
2006,229,0
2006,230,0
2006,231,2.54
2006,232,3.81
2006,233,0
2006,234,0
2006,235,0
2006,236,0
2006,237,1.524
2006,238,13.208
2006,239,0.762
2006,240,0
2006,241,0
2006,242,0
2006,243,0
2006,244,0
2006,245,1.27
2006,246,0
2006,247,0
2006,248,0
2006,249,0
2006,250,0
2006,251,4.318
2006,252,0.508
2006,253,0.254
2006,254,0.254
2006,255,1.27
2006,256,0.254
2006,257,1.27
2006,258,0
2006,259,0
2006,260,0
2006,261,0
2006,262,0
2006,263,0
2006,264,17.018
2006,265,0.508
2006,266,3.048
2006,267,0
2006,268,0.254
2006,269,0
2006,270,0
2006,271,0
2006,272,0
2006,273,0
2006,274,0
2006,275,0
2006,276,0.254
2006,277,1.27
2006,278,0.254
2006,279,0
2006,280,0
2006,281,0.508
2006,282,2.286
2006,283,1.27
2006,284,0.254
2006,285,0
2006,286,0
2006,287,0
2006,288,0
2006,289,0
2006,290,2.54
2006,291,4.572
2006,292,0
2006,293,0
2006,294,6.35
2006,295,0
2006,296,0
2006,297,0
2006,298,0
2006,299,32.258
2006,300,0
2006,301,0
2006,302,0
2006,303,0
2006,304,0
2006,305,0
2006,306,0
2006,307,0
2006,308,0
2006,309,0
2006,310,0
2006,311,0
2006,312,0
2006,313,0
2006,314,0
2006,315,0
2006,316,0
2006,317,0
2006,318,0
2006,319,0
2006,320,0
2006,321,0
2006,322,0
2006,323,0
2006,324,0
2006,325,0
2006,326,0
2006,327,0
2006,328,0
2006,329,0
2006,330,0
2006,331,0
2006,332,0
2006,333,6.858
2006,334,0
2006,335,0
2006,336,0.762
2006,337,0
2006,338,0
2006,339,0
2006,340,0
2006,341,0
2006,342,0
2006,343,0
2006,344,0
2006,345,0
2006,346,0
2006,347,0
2006,348,0
2006,349,0
2006,350,0
2006,351,0
2006,352,0
2006,353,0
2006,354,26.67
2006,355,20.32
2006,356,0
2006,357,0
2006,358,0
2006,359,0
2006,360,0
2006,361,0
2006,362,6.35
2006,363,14.224
2006,364,0
2006,365,0
2007,1,0
2007,2,0
2007,3,0
2007,4,0
2007,5,8.89
2007,6,0
2007,7,0
2007,8,0
2007,9,0
2007,10,0
2007,11,0
2007,12,0.762
2007,13,1.016
2007,14,4.318
2007,15,0
2007,16,0
2007,17,0
2007,18,0
2007,19,0
2007,20,0.508
2007,21,11.176
2007,22,1.27
2007,23,0
2007,24,0
2007,25,0
2007,26,0
2007,27,0
2007,28,0.254
2007,29,0
2007,30,0
2007,31,0.254
2007,32,0.254
2007,33,1.27
2007,34,0
2007,35,0
2007,36,0
2007,37,0
2007,38,0
2007,39,0
2007,40,0
2007,41,0
2007,42,0
2007,43,0
2007,44,0.508
2007,45,3.048
2007,46,1.016
2007,47,0
2007,48,0
2007,49,0
2007,50,0
2007,51,0
2007,52,0
2007,53,0
2007,54,0
2007,55,7.874
2007,56,0
2007,57,0
2007,58,0
2007,59,4.572
2007,60,0
2007,61,0
2007,62,0
2007,63,0
2007,64,0
2007,65,0
2007,66,0
2007,67,0
2007,68,0
2007,69,0
2007,70,0
2007,71,0
2007,72,0
2007,73,0
2007,74,0.762
2007,75,0
2007,76,0
2007,77,0
2007,78,0
2007,79,0
2007,80,0
2007,81,0
2007,82,2.286
2007,83,15.24
2007,84,0
2007,85,0
2007,86,0
2007,87,0
2007,88,9.398
2007,89,0
2007,90,0
2007,91,0
2007,92,0
2007,93,0
2007,94,0
2007,95,0
2007,96,0.762
2007,97,1.016
2007,98,3.81
2007,99,0
2007,100,0
2007,101,0
2007,102,2.032
2007,103,-99
2007,104,0
2007,105,0
2007,106,0.762
2007,107,12.192
2007,108,0
2007,109,0
2007,110,0
2007,111,0
2007,112,1.778
2007,113,0
2007,114,41.91
2007,115,15.24
2007,116,0
2007,117,0
2007,118,0
2007,119,0
2007,120,0
2007,121,0
2007,122,0.508
2007,123,0
2007,124,0
2007,125,1.524
2007,126,0.508
2007,127,6.35
2007,128,0.508
2007,129,0
2007,130,0
2007,131,0
2007,132,0
2007,133,0
2007,134,0
2007,135,8.89
2007,136,0
2007,137,1.27
2007,138,0
2007,139,0
2007,140,0
2007,141,0
2007,142,14.478
2007,143,5.588
2007,144,6.604
2007,145,0.254
2007,146,0
2007,147,0
2007,148,0
2007,149,3.81
2007,150,1.27
2007,151,0
2007,152,0
2007,153,0
2007,154,0.254
2007,155,0
2007,156,0
2007,157,0.254
2007,158,0
2007,159,0
2007,160,0
2007,161,0
2007,162,0
2007,163,17.78
2007,164,6.35
2007,165,0
2007,166,0
2007,167,0
2007,168,0
2007,169,0
2007,170,0
2007,171,0
2007,172,0
2007,173,0
2007,174,0
2007,175,0
2007,176,0
2007,177,3.302
2007,178,0
2007,179,0
2007,180,0
2007,181,0
2007,182,0
2007,183,0
2007,184,0
2007,185,0
2007,186,0
2007,187,0
2007,188,0
2007,189,0
2007,190,0
2007,191,0
2007,192,0
2007,193,5.08
2007,194,5.334
2007,195,0
2007,196,0
2007,197,0
2007,198,0
2007,199,0
2007,200,5.08
2007,201,0
2007,202,0
2007,203,0
2007,204,0
2007,205,0
2007,206,0
2007,207,0
2007,208,2.794
2007,209,5.842
2007,210,0
2007,211,0
2007,212,0.762
2007,213,0
2007,214,0
2007,215,19.812
2007,216,0.254
2007,217,1.016
2007,218,13.97
2007,219,4.318
2007,220,1.778
2007,221,0
2007,222,0
2007,223,0
2007,224,0
2007,225,0
2007,226,7.62
2007,227,1.016
2007,228,0.762
2007,229,6.35
2007,230,1.27
2007,231,1.27
2007,232,0
2007,233,0
2007,234,0
2007,235,1.27
2007,236,5.08
2007,237,0
2007,238,0
2007,239,0
2007,240,2.54
2007,241,0
2007,242,0
2007,243,0
2007,244,0
2007,245,0
2007,246,4.318
2007,247,0.254
2007,248,13.208
2007,249,3.81
2007,250,0
2007,251,0
2007,252,0
2007,253,2.286
2007,254,0
2007,255,0
2007,256,0
2007,257,0
2007,258,0
2007,259,8.89
2007,260,2.286
2007,261,0.254
2007,262,0
2007,263,0
2007,264,0
2007,265,0
2007,266,0
2007,267,0
2007,268,0
2007,269,0
2007,270,0
2007,271,0
2007,272,0
2007,273,0
2007,274,0
2007,275,0
2007,276,0
2007,277,0
2007,278,-99
2007,279,0
2007,280,0
2007,281,1.27
2007,282,0
2007,283,0
2007,284,0
2007,285,0
2007,286,1.524
2007,287,14.224
2007,288,4.572
2007,289,0
2007,290,0
2007,291,0
2007,292,0
2007,293,0
2007,294,22.86
2007,295,0
2007,296,0
2007,297,0
2007,298,0
2007,299,0
2007,300,0
2007,301,0
2007,302,0
2007,303,0
2007,304,0
2007,305,0
2007,306,0
2007,307,0
2007,308,0
2007,309,0
2007,310,0
2007,311,0
2007,312,0
2007,313,0
2007,314,0
2007,315,0
2007,316,0
2007,317,0
2007,318,0
2007,319,0
2007,320,0
2007,321,0
2007,322,0
2007,323,0
2007,324,0
2007,325,2.54
2007,326,0
2007,327,0.508
2007,328,0
2007,329,0
2007,330,0
2007,331,0
2007,332,1.016
2007,333,0
2007,334,0
2007,335,0
2007,336,0
2007,337,0
2007,338,0
2007,339,0
2007,340,0.508
2007,341,0
2007,342,3.81
2007,343,2.794
2007,344,0
2007,345,5.08
2007,346,0
2007,347,0
2007,348,2.032
2007,349,0
2007,350,0
2007,351,0
2007,352,0
2007,353,0
2007,354,0
2007,355,1.27
2007,356,1.27
2007,357,0
2007,358,0
2007,359,9.906
2007,360,0
2007,361,3.81
2007,362,1.016
2007,363,0
2007,364,0
2007,365,0
2008,1,0
2008,2,0
2008,3,0
2008,4,0
2008,5,0
2008,6,0
2008,7,0.254
2008,8,2.54
2008,9,1.524
2008,10,0
2008,11,0
2008,12,0
2008,13,0
2008,14,0
2008,15,0
2008,16,0.762
2008,17,0
2008,18,0
2008,19,3.81
2008,20,0
2008,21,0
2008,22,0
2008,23,0
2008,24,0
2008,25,0
2008,26,0
2008,27,0
2008,28,0
2008,29,0
2008,30,0
2008,31,2.032
2008,32,0
2008,33,2.032
2008,34,0
2008,35,0
2008,36,7.366
2008,37,0
2008,38,0
2008,39,0
2008,40,0
2008,41,0
2008,42,0
2008,43,0
2008,44,0
2008,45,2.794
2008,46,0
2008,47,0
2008,48,0.508
2008,49,0
2008,50,0
2008,51,0
2008,52,0
2008,53,0
2008,54,0
2008,55,0
2008,56,0
2008,57,2.032
2008,58,0
2008,59,0
2008,60,0
2008,61,0
2008,62,8.382
2008,63,0
2008,64,0
2008,65,1.524
2008,66,0.254
2008,67,0
2008,68,0
2008,69,0
2008,70,0
2008,71,0
2008,72,0
2008,73,0
2008,74,0
2008,75,0
2008,76,0
2008,77,2.54
2008,78,0
2008,79,0
2008,80,0
2008,81,0
2008,82,0
2008,83,0
2008,84,0
2008,85,0
2008,86,0
2008,87,0
2008,88,0
2008,89,0
2008,90,0
2008,91,0
2008,92,0
2008,93,0
2008,94,0.508
2008,95,0.254
2008,96,0
2008,97,0
2008,98,0.762
2008,99,0
2008,100,1.524
2008,101,12.7
2008,102,0
2008,103,0
2008,104,0
2008,105,0
2008,106,0
2008,107,0
2008,108,7.62
2008,109,0
2008,110,0
2008,111,0
2008,112,0
2008,113,0
2008,114,0
2008,115,0
2008,116,0
2008,117,0
2008,118,0
2008,119,0
2008,120,0
2008,121,0
2008,122,10.16
2008,123,0
2008,124,0
2008,125,0
2008,126,0
2008,127,0
2008,128,11.43
2008,129,0
2008,130,0
2008,131,6.096
2008,132,0
2008,133,0
2008,134,8.636
2008,135,0
2008,136,3.81
2008,137,0.254
2008,138,0
2008,139,0
2008,140,0
2008,141,0
2008,142,0
2008,143,0
2008,144,0
2008,145,0
2008,146,0
2008,147,0.254
2008,148,5.08
2008,149,0.254
2008,150,0
2008,151,0
2008,152,0
2008,153,0
2008,154,0
2008,155,0
2008,156,0.508
2008,157,12.7
2008,158,0
2008,159,0
2008,160,0.254
2008,161,0
2008,162,0
2008,163,0
2008,164,0
2008,165,0
2008,166,0
2008,167,0
2008,168,0
2008,169,0.508
2008,170,0
2008,171,2.794
2008,172,5.08
2008,173,0.254
2008,174,0
2008,175,0
2008,176,0
2008,177,0
2008,178,0
2008,179,0
2008,180,0
2008,181,0
2008,182,0
2008,183,0
2008,184,0
2008,185,0
2008,186,0
2008,187,0
2008,188,2.286
2008,189,0.508
2008,190,1.778
2008,191,0
2008,192,0
2008,193,0
2008,194,0
2008,195,0
2008,196,0
2008,197,0
2008,198,0
2008,199,0
2008,200,0
2008,201,2.54
2008,202,0
2008,203,0
2008,204,0
2008,205,6.096
2008,206,0
2008,207,1.524
2008,208,0
2008,209,0
2008,210,0
2008,211,0
2008,212,0
2008,213,0
2008,214,0
2008,215,0
2008,216,0
2008,217,0
2008,218,8.89
2008,219,0
2008,220,21.59
2008,221,0
2008,222,0
2008,223,0
2008,224,3.048
2008,225,0
2008,226,0
2008,227,0
2008,228,23.368
2008,229,39.37
2008,230,5.334
2008,231,0
2008,232,0
2008,233,0.508
2008,234,0
2008,235,0
2008,236,0.762
2008,237,0
2008,238,0.508
2008,239,0.254
2008,240,0
2008,241,0
2008,242,0
2008,243,0
2008,244,0
2008,245,0
2008,246,0
2008,247,0
2008,248,0
2008,249,0
2008,250,0
2008,251,0
2008,252,0
2008,253,0
2008,254,0.254
2008,255,0
2008,256,25.4
2008,257,0
2008,258,0
2008,259,0
2008,260,0
2008,261,0
2008,262,0
2008,263,0
2008,264,0
2008,265,0
2008,266,0
2008,267,0
2008,268,0
2008,269,0
2008,270,0
2008,271,0
2008,272,0
2008,273,0
2008,274,0
2008,275,0
2008,276,0
2008,277,0
2008,278,0
2008,279,0
2008,280,3.81
2008,281,0
2008,282,0
2008,283,0
2008,284,0
2008,285,4.064
2008,286,5.588
2008,287,0
2008,288,0
2008,289,0
2008,290,0
2008,291,0
2008,292,0
2008,293,0
2008,294,0
2008,295,0.762
2008,296,2.032
2008,297,0
2008,298,0
2008,299,0
2008,300,0
2008,301,0
2008,302,0
2008,303,0
2008,304,0
2008,305,0
2008,306,0
2008,307,0
2008,308,0
2008,309,0
2008,310,0.508
2008,311,0
2008,312,0
2008,313,0
2008,314,0
2008,315,0
2008,316,0
2008,317,0
2008,318,0
2008,319,2.54
2008,320,0
2008,321,0
2008,322,0
2008,323,0
2008,324,0
2008,325,0.254
2008,326,0
2008,327,0
2008,328,0
2008,329,0
2008,330,0
2008,331,0
2008,332,0
2008,333,0
2008,334,5.842
2008,335,6.096
2008,336,0
2008,337,0
2008,338,0
2008,339,3.302
2008,340,0
2008,341,0
2008,342,0
2008,343,0
2008,344,8.89
2008,345,0
2008,346,0
2008,347,0
2008,348,0
2008,349,2.54
2008,350,0
2008,351,0
2008,352,0
2008,353,1.524
2008,354,0
2008,355,0
2008,356,0
2008,357,0
2008,358,0
2008,359,0
2008,360,0
2008,361,0
2008,362,0
2008,363,0
2008,364,0
2008,365,0
2008,366,0
2009,1,0
2009,2,0
2009,3,0
2009,4,6.35
2009,5,0
2009,6,0
2009,7,0
2009,8,0
2009,9,0
2009,10,0
2009,11,0
2009,12,8.382
2009,13,0
2009,14,0
2009,15,0
2009,16,0
2009,17,0
2009,18,0
2009,19,0
2009,20,0
2009,21,0
2009,22,0
2009,23,0
2009,24,0
2009,25,0
2009,26,0.508
2009,27,1.27
2009,28,0
2009,29,0
2009,30,0
2009,31,-99
2009,32,0
2009,33,0
2009,34,0
2009,35,0
2009,36,0
2009,37,0
2009,38,0
2009,39,0
2009,40,0
2009,41,0
2009,42,0
2009,43,0
2009,44,0
2009,45,0
2009,46,0
2009,47,0
2009,48,0
2009,49,0
2009,50,0
2009,51,0
2009,52,1.524
2009,53,0
2009,54,0
2009,55,0
2009,56,0
2009,57,0
2009,58,0.254
2009,59,0
2009,60,0
2009,61,0
2009,62,0
2009,63,0
2009,64,0
2009,65,0
2009,66,0.254
2009,67,0
2009,68,0
2009,69,1.524
2009,70,0
2009,71,0
2009,72,0
2009,73,0
2009,74,0
2009,75,0
2009,76,0
2009,77,0
2009,78,0
2009,79,0
2009,80,0
2009,81,0
2009,82,0
2009,83,0
2009,84,0
2009,85,6.604
2009,86,10.922
2009,87,0
2009,88,0
2009,89,3.81
2009,90,0
2009,91,0
2009,92,0
2009,93,0
2009,94,1.524
2009,95,1.27
2009,96,0
2009,97,0
2009,98,0
2009,99,0
2009,100,0
2009,101,0
2009,102,7.366
2009,103,0
2009,104,0
2009,105,0
2009,106,0.508
2009,107,32.512
2009,108,42.926
2009,109,0
2009,110,0
2009,111,0
2009,112,0
2009,113,0
2009,114,0
2009,115,0
2009,116,0
2009,117,18.034
2009,118,0
2009,119,0
2009,120,0
2009,121,0
2009,122,0
2009,123,0
2009,124,0
2009,125,0
2009,126,0
2009,127,0
2009,128,0
2009,129,0
2009,130,5.08
2009,131,0
2009,132,0
2009,133,0
2009,134,0
2009,135,-99
2009,136,0
2009,137,0
2009,138,0
2009,139,0.254
2009,140,0
2009,141,0.254
2009,142,0
2009,143,0
2009,144,0.254
2009,145,8.128
2009,146,27.432
2009,147,0
2009,148,0
2009,149,0
2009,150,0
2009,151,0
2009,152,11.43
2009,153,26.67
2009,154,0
2009,155,0
2009,156,0
2009,157,0
2009,158,0
2009,159,0
2009,160,0
2009,161,0.254
2009,162,34.036
2009,163,0.508
2009,164,0.254
2009,165,0
2009,166,0
2009,167,0
2009,168,0
2009,169,0
2009,170,0
2009,171,0
2009,172,0
2009,173,0
2009,174,55.88
2009,175,0
2009,176,6.096
2009,177,23.876
2009,178,0
2009,179,0
2009,180,0
2009,181,0
2009,182,0
2009,183,3.556
2009,184,3.81
2009,185,-99
2009,186,23.876
2009,187,0
2009,188,1.524
2009,189,0
2009,190,0
2009,191,0
2009,192,0.254
2009,193,0
2009,194,12.7
2009,195,0
2009,196,0
2009,197,0
2009,198,0
2009,199,0
2009,200,0
2009,201,0
2009,202,8.89
2009,203,0
2009,204,0
2009,205,0
2009,206,0
2009,207,5.334
2009,208,0
2009,209,0.508
2009,210,2.54
2009,211,6.35
2009,212,0
2009,213,0.762
2009,214,0
2009,215,0
2009,216,0
2009,217,0
2009,218,0
2009,219,0
2009,220,0
2009,221,0
2009,222,1.016
2009,223,0
2009,224,0
2009,225,0
2009,226,0
2009,227,0
2009,228,0
2009,229,0
2009,230,6.35
2009,231,0
2009,232,0
2009,233,0
2009,234,0
2009,235,0
2009,236,0
2009,237,0.762
2009,238,0
2009,239,0
2009,240,0
2009,241,0
2009,242,0
2009,243,0
2009,244,0
2009,245,0
2009,246,0
2009,247,0
2009,248,0
2009,249,0
2009,250,0
2009,251,0
2009,252,0
2009,253,0
2009,254,0
2009,255,3.048
2009,256,18.542
2009,257,0
2009,258,0
2009,259,0
2009,260,0
2009,261,0
2009,262,0
2009,263,0
2009,264,4.064
2009,265,0
2009,266,12.7
2009,267,0
2009,268,12.954
2009,269,0
2009,270,0
2009,271,0
2009,272,0
2009,273,0
2009,274,0
2009,275,0
2009,276,0
2009,277,0
2009,278,0.762
2009,279,4.826
2009,280,0
2009,281,1.016
2009,282,1.27
2009,283,0
2009,284,0
2009,285,0
2009,286,0
2009,287,0
2009,288,0
2009,289,0
2009,290,0
2009,291,0
2009,292,0
2009,293,0
2009,294,17.018
2009,295,2.794
2009,296,0
2009,297,0
2009,298,1.016
2009,299,1.778
2009,300,0
2009,301,20.32
2009,302,18.288
2009,303,2.794
2009,304,0
2009,305,0
2009,306,0
2009,307,0
2009,308,0
2009,309,0
2009,310,0
2009,311,0
2009,312,0
2009,313,0
2009,314,0
2009,315,0
2009,316,0
2009,317,0
2009,318,0
2009,319,15.24
2009,320,0
2009,321,0
2009,322,0
2009,323,0
2009,324,0
2009,325,0
2009,326,0
2009,327,0
2009,328,0
2009,329,0
2009,330,0
2009,331,0
2009,332,0
2009,333,0
2009,334,0
2009,335,0
2009,336,1.27
2009,337,-99
2009,338,0
2009,339,0
2009,340,4.826
2009,341,0
2009,342,1.27
2009,343,0
2009,344,0
2009,345,0
2009,346,0
2009,347,0
2009,348,0
2009,349,0
2009,350,0
2009,351,0
2009,352,0
2009,353,0
2009,354,0
2009,355,0
2009,356,0
2009,357,7.62
2009,358,3.81
2009,359,0
2009,360,3.048
2009,361,0
2009,362,0
2009,363,0
2009,364,0
2009,365,0
2010,1,0
2010,2,0
2010,3,0
2010,4,0
2010,5,0
2010,6,0
2010,7,1.27
2010,8,0
2010,9,0
2010,10,0
2010,11,0
2010,12,0
2010,13,0
2010,14,0
2010,15,0
2010,16,0
2010,17,0
2010,18,0
2010,19,0
2010,20,0
2010,21,0
2010,22,0
2010,23,0
2010,24,0
2010,25,0
2010,26,0
2010,27,0
2010,28,0.508
2010,29,0
2010,30,0
2010,31,0
2010,32,0
2010,33,0
2010,34,0
2010,35,0
2010,36,0
2010,37,0
2010,38,2.032
2010,39,2.032
2010,40,0
2010,41,0
2010,42,0
2010,43,0
2010,44,0
2010,45,3.048
2010,46,0
2010,47,0
2010,48,0
2010,49,0.762
2010,50,2.032
2010,51,1.778
2010,52,2.286
2010,53,2.286
2010,54,0
2010,55,0
2010,56,0
2010,57,0.762
2010,58,0
2010,59,0
2010,60,0
2010,61,0
2010,62,0
2010,63,0
2010,64,0
2010,65,0
2010,66,0
2010,67,0
2010,68,0
2010,69,0
2010,70,0
2010,71,0
2010,72,0
2010,73,1.27
2010,74,2.54
2010,75,0
2010,76,0
2010,77,0
2010,78,5.588
2010,79,1.778
2010,80,0
2010,81,0
2010,82,0
2010,83,33.02
2010,84,0
2010,85,0
2010,86,0
2010,87,0
2010,88,0
2010,89,0
2010,90,0
2010,91,0
2010,92,0
2010,93,0
2010,94,0
2010,95,0
2010,96,0
2010,97,6.858
2010,98,0
2010,99,0
2010,100,0
2010,101,0
2010,102,0
2010,103,0
2010,104,0
2010,105,0
2010,106,0
2010,107,1.016
2010,108,0
2010,109,0
2010,110,0
2010,111,0.762
2010,112,10.16
2010,113,40.64
2010,114,14.732
2010,115,0
2010,116,5.334
2010,117,0
2010,118,0
2010,119,0.762
2010,120,0
2010,121,0
2010,122,0
2010,123,0
2010,124,0
2010,125,0
2010,126,0
2010,127,0
2010,128,0
2010,129,0
2010,130,0
2010,131,0
2010,132,16.51
2010,133,1.27
2010,134,2.54
2010,135,0
2010,136,0
2010,137,0
2010,138,0
2010,139,1.778
2010,140,0
2010,141,0
2010,142,0
2010,143,0
2010,144,0
2010,145,0
2010,146,0
2010,147,0
2010,148,0
2010,149,0
2010,150,0
2010,151,0
2010,152,0
2010,153,0
2010,154,0
2010,155,0
2010,156,0
2010,157,0
2010,158,0
2010,159,0
2010,160,2.54
2010,161,2.032
2010,162,0
2010,163,21.844
2010,164,7.366
2010,165,0.508
2010,166,0
2010,167,0
2010,168,0
2010,169,0
2010,170,0
2010,171,0
2010,172,0
2010,173,0
2010,174,0
2010,175,0
2010,176,0
2010,177,0
2010,178,0
2010,179,1.27
2010,180,0
2010,181,0
2010,182,2.286
2010,183,0
2010,184,0
2010,185,0
2010,186,24.892
2010,187,0
2010,188,3.302
2010,189,0
2010,190,0
2010,191,0
2010,192,0
2010,193,0
2010,194,0
2010,195,0
2010,196,0
2010,197,0
2010,198,0
2010,199,0
2010,200,0
2010,201,1.778
2010,202,16.002
2010,203,0.762
2010,204,0
2010,205,0
2010,206,0
2010,207,0
2010,208,0
2010,209,0
2010,210,0
2010,211,0
2010,212,4.318
2010,213,0
2010,214,0
2010,215,0.762
2010,216,0.254
2010,217,0.508
2010,218,0
2010,219,0
2010,220,0
2010,221,12.954
2010,222,0
2010,223,0
2010,224,0
2010,225,0
2010,226,0
2010,227,0
2010,228,0
2010,229,0
2010,230,0
2010,231,0
2010,232,0.762
2010,233,0
2010,234,0
2010,235,0.254
2010,236,0
2010,237,0
2010,238,0
2010,239,0
2010,240,0
2010,241,0
2010,242,0
2010,243,0
2010,244,0
2010,245,0
2010,246,0
2010,247,0
2010,248,0
2010,249,0
2010,250,0
2010,251,0
2010,252,0
2010,253,0
2010,254,0
2010,255,0
2010,256,0
2010,257,0
2010,258,0
2010,259,0
2010,260,0
2010,261,0
2010,262,0
2010,263,1.016
2010,264,0
2010,265,0
2010,266,0.508
2010,267,0
2010,268,0
2010,269,0
2010,270,0
2010,271,0
2010,272,0
2010,273,0
2010,274,0
2010,275,0
2010,276,0
2010,277,0
2010,278,0
2010,279,0
2010,280,0
2010,281,0
2010,282,0
2010,283,1.27
2010,284,1.778
2010,285,6.096
2010,286,0
2010,287,0
2010,288,0
2010,289,0
2010,290,0
2010,291,0
2010,292,0
2010,293,0
2010,294,0
2010,295,0
2010,296,0
2010,297,0
2010,298,3.556
2010,299,0
2010,300,0
2010,301,0
2010,302,0
2010,303,0
2010,304,0
2010,305,0
2010,306,0
2010,307,0
2010,308,0
2010,309,0
2010,310,0
2010,311,0
2010,312,0
2010,313,12.446
2010,314,0
2010,315,0
2010,316,0
2010,317,0
2010,318,0
2010,319,0.762
2010,320,0
2010,321,1.016
2010,322,0
2010,323,0
2010,324,0
2010,325,0
2010,326,0
2010,327,0
2010,328,0
2010,329,0
2010,330,0
2010,331,0
2010,332,0
2010,333,0
2010,334,0
2010,335,0
2010,336,0
2010,337,0
2010,338,0
2010,339,0
2010,340,0
2010,341,0
2010,342,0
2010,343,0
2010,344,0
2010,345,0
2010,346,0
2010,347,0
2010,348,0
2010,349,0
2010,350,0
2010,351,0
2010,352,0
2010,353,0
2010,354,0
2010,355,0
2010,356,0
2010,357,0
2010,358,0
2010,359,0
2010,360,0
2010,361,0
2010,362,0
2010,363,0
2010,364,1.27
2010,365,3.556
